Player_name,Img,Team,Back_no,Position,Height/Weight,Record
가라비토,https://6ptotvmi5753.edge.naverncp.com/KBO_IMAGE/person/middle/2025/55460.jpg,삼성,60,투수(우투우타),183cm/100kg,"[{'Year': '2025', 'Team': '삼성', 'ERA': '0.90', 'Win': '0', 'Lose': '1'}, {'ERA': '0.90', 'Win': '0', 'Lose': '1'}]"
감보아,https://6ptotvmi5753.edge.naverncp.com/KBO_IMAGE/person/middle/2025/55532.jpg,롯데,32,투수(좌투양타),185cm/92kg,"[{'Year': '2025', 'Team': '롯데', 'ERA': '2.11', 'Win': '6', 'Lose': '1'}, {'ERA': '2.11', 'Win': '6', 'Lose': '1'}]"
고영표,https://6ptotvmi5753.edge.naverncp.com/KBO_IMAGE/person/middle/2025/64001.jpg,KT,1,투수(우언우타),187cm/88kg,"[{'Year': '2015', 'Team': 'KT', 'ERA': '5.68', 'Win': '3', 'Lose': '4'}, {'Year': '2016', 'Team': 'KT', 'ERA': '5.59', 'Win': '2', 'Lose': '4'}, {'Year': '2017', 'Team': 'KT', 'ERA': '5.08', 'Win': '8', 'Lose': '12'}, {'Year': '2018', 'Team': 'KT', 'ERA': '5.13', 'Win': '6', 'Lose': '9'}, {'Year': '2021', 'Team': 'KT', 'ERA': '2.92', 'Win': '11', 'Lose': '6'}, {'Year': '2022', 'Team': 'KT', 'ERA': '3.26', 'Win': '13', 'Lose': '8'}, {'Year': '2023', 'Team': 'KT', 'ERA': '2.78', 'Win': '12', 'Lose': '7'}, {'Year': '2024', 'Team': 'KT', 'ERA': '4.95', 'Win': '6', 'Lose': '8'}, {'Year': '2025', 'Team': 'KT', 'ERA': '3.45', 'Win': '7', 'Lose': '4'}, {'ERA': '4.02', 'Win': '68', 'Lose': '62'}]"
곽빈,https://6ptotvmi5753.edge.naverncp.com/KBO_IMAGE/person/middle/2025/68220.jpg,두산,47,투수(우투우타),187cm/95kg,"[{'Year': '2018', 'Team': '두산', 'ERA': '7.55', 'Win': '3', 'Lose': '1'}, {'Year': '2021', 'Team': '두산', 'ERA': '4.10', 'Win': '4', 'Lose': '7'}, {'Year': '2022', 'Team': '두산', 'ERA': '3.78', 'Win': '8', 'Lose': '9'}, {'Year': '2023', 'Team': '두산', 'ERA': '2.90', 'Win': '12', 'Lose': '7'}, {'Year': '2024', 'Team': '두산', 'ERA': '4.24', 'Win': '15', 'Lose': '9'}, {'Year': '2025', 'Team': '두산', 'ERA': '4.64', 'Win': '2', 'Lose': '2'}, {'ERA': '4.01', 'Win': '44', 'Lose': '35'}]"
구승민,https://6ptotvmi5753.edge.naverncp.com/KBO_IMAGE/person/middle/2025/63543.jpg,롯데,22,투수(우투우타),182cm/86kg,"[{'Year': '2014', 'Team': '롯데', 'ERA': '0.00', 'Win': '0', 'Lose': '0'}, {'Year': '2015', 'Team': '롯데', 'ERA': '10.24', 'Win': '0', 'Lose': '2'}, {'Year': '2018', 'Team': '롯데', 'ERA': '3.67', 'Win': '7', 'Lose': '4'}, {'Year': '2019', 'Team': '롯데', 'ERA': '6.25', 'Win': '1', 'Lose': '4'}, {'Year': '2020', 'Team': '롯데', 'ERA': '3.58', 'Win': '5', 'Lose': '2'}, {'Year': '2021', 'Team': '롯데', 'ERA': '4.33', 'Win': '6', 'Lose': '5'}, {'Year': '2022', 'Team': '롯데', 'ERA': '2.90', 'Win': '2', 'Lose': '4'}, {'Year': '2023', 'Team': '롯데', 'ERA': '3.96', 'Win': '2', 'Lose': '6'}, {'Year': '2024', 'Team': '롯데', 'ERA': '4.84', 'Win': '5', 'Lose': '3'}, {'Year': '2025', 'Team': '롯데', 'ERA': '10.80', 'Win': '0', 'Lose': '1'}, {'ERA': '4.54', 'Win': '28', 'Lose': '31'}]"
김광현,https://6ptotvmi5753.edge.naverncp.com/KBO_IMAGE/person/middle/2025/77829.jpg,SSG,29,투수(좌투좌타),188cm/88kg,"[{'Year': '2007', 'Team': 'SK', 'ERA': '3.62', 'Win': '3', 'Lose': '7'}, {'Year': '2008', 'Team': 'SK', 'ERA': '2.39', 'Win': '16', 'Lose': '4'}, {'Year': '2009', 'Team': 'SK', 'ERA': '2.80', 'Win': '12', 'Lose': '2'}, {'Year': '2010', 'Team': 'SK', 'ERA': '2.37', 'Win': '17', 'Lose': '7'}, {'Year': '2011', 'Team': 'SK', 'ERA': '4.84', 'Win': '4', 'Lose': '6'}, {'Year': '2012', 'Team': 'SK', 'ERA': '4.30', 'Win': '8', 'Lose': '5'}, {'Year': '2013', 'Team': 'SK', 'ERA': '4.47', 'Win': '10', 'Lose': '9'}, {'Year': '2014', 'Team': 'SK', 'ERA': '3.42', 'Win': '13', 'Lose': '9'}, {'Year': '2015', 'Team': 'SK', 'ERA': '3.72', 'Win': '14', 'Lose': '6'}, {'Year': '2016', 'Team': 'SK', 'ERA': '3.88', 'Win': '11', 'Lose': '8'}, {'Year': '2018', 'Team': 'SK', 'ERA': '2.98', 'Win': '11', 'Lose': '8'}, {'Year': '2019', 'Team': 'SK', 'ERA': '2.51', 'Win': '17', 'Lose': '6'}, {'Year': '2022', 'Team': 'SSG', 'ERA': '2.13', 'Win': '13', 'Lose': '3'}, {'Year': '2023', 'Team': 'SSG', 'ERA': '3.53', 'Win': '9', 'Lose': '8'}, {'Year': '2024', 'Team': 'SSG', 'ERA': '4.93', 'Win': '12', 'Lose': '10'}, {'Year': '2025', 'Team': 'SSG', 'ERA': '4.31', 'Win': '5', 'Lose': '7'}, {'ERA': '3.37', 'Win': '175', 'Lose': '105'}]"
김대호,https://6ptotvmi5753.edge.naverncp.com/KBO_IMAGE/person/middle/2025/54401.jpg,삼성,44,투수(우투우타),185cm/100kg,"[{'Year': '2024', 'Team': '삼성', 'ERA': '11.25', 'Win': '0', 'Lose': '1'}, {'Year': '2025', 'Team': '삼성', 'ERA': '4.91', 'Win': '0', 'Lose': '1'}, {'ERA': '6.27', 'Win': '0', 'Lose': '2'}]"
김도현,https://6ptotvmi5753.edge.naverncp.com/KBO_IMAGE/person/middle/2025/69745.jpg,KIA,60,투수(우투우타),183cm/87kg,"[{'Year': '2019', 'Team': '한화', 'ERA': '4.26', 'Win': '4', 'Lose': '3'}, {'Year': '2020', 'Team': '한화', 'ERA': '6.82', 'Win': '2', 'Lose': '7'}, {'Year': '2021', 'Team': '한화', 'ERA': '7.62', 'Win': '0', 'Lose': '1'}, {'Year': '2022', 'Team': 'KIA', 'ERA': '7.59', 'Win': '0', 'Lose': '1'}, {'Year': '2024', 'Team': 'KIA', 'ERA': '4.92', 'Win': '4', 'Lose': '6'}, {'Year': '2025', 'Team': 'KIA', 'ERA': '3.44', 'Win': '3', 'Lose': '3'}, {'ERA': '5.16', 'Win': '13', 'Lose': '21'}]"
김민,https://6ptotvmi5753.edge.naverncp.com/KBO_IMAGE/person/middle/2025/68043.jpg,SSG,41,투수(우투우타),185cm/88kg,"[{'Year': '2018', 'Team': 'KT', 'ERA': '5.06', 'Win': '4', 'Lose': '2'}, {'Year': '2019', 'Team': 'KT', 'ERA': '4.96', 'Win': '6', 'Lose': '12'}, {'Year': '2020', 'Team': 'KT', 'ERA': '6.54', 'Win': '3', 'Lose': '3'}, {'Year': '2022', 'Team': 'KT', 'ERA': '2.35', 'Win': '0', 'Lose': '0'}, {'Year': '2023', 'Team': 'KT', 'ERA': '6.83', 'Win': '1', 'Lose': '2'}, {'Year': '2024', 'Team': 'KT', 'ERA': '4.31', 'Win': '8', 'Lose': '4'}, {'Year': '2025', 'Team': 'SSG', 'ERA': '4.19', 'Win': '2', 'Lose': '1'}, {'ERA': '5.03', 'Win': '24', 'Lose': '24'}]"
김서현,https://6ptotvmi5753.edge.naverncp.com/KBO_IMAGE/person/middle/2025/53754.jpg,한화,44,투수(우투우타),188cm/86kg,"[{'Year': '2023', 'Team': '한화', 'ERA': '7.25', 'Win': '0', 'Lose': '0'}, {'Year': '2024', 'Team': '한화', 'ERA': '3.76', 'Win': '1', 'Lose': '2'}, {'Year': '2025', 'Team': '한화', 'ERA': '1.59', 'Win': '1', 'Lose': '1'}, {'ERA': '3.68', 'Win': '2', 'Lose': '3'}]"
김원중,https://6ptotvmi5753.edge.naverncp.com/KBO_IMAGE/person/middle/2025/62528.jpg,롯데,34,투수(우투좌타),192cm/96kg,"[{'Year': '2015', 'Team': '롯데', 'ERA': '5.75', 'Win': '0', 'Lose': '0'}, {'Year': '2016', 'Team': '롯데', 'ERA': '9.39', 'Win': '0', 'Lose': '1'}, {'Year': '2017', 'Team': '롯데', 'ERA': '5.70', 'Win': '7', 'Lose': '8'}, {'Year': '2018', 'Team': '롯데', 'ERA': '6.94', 'Win': '8', 'Lose': '7'}, {'Year': '2019', 'Team': '롯데', 'ERA': '5.63', 'Win': '5', 'Lose': '10'}, {'Year': '2020', 'Team': '롯데', 'ERA': '3.94', 'Win': '5', 'Lose': '4'}, {'Year': '2021', 'Team': '롯데', 'ERA': '3.59', 'Win': '4', 'Lose': '4'}, {'Year': '2022', 'Team': '롯데', 'ERA': '3.98', 'Win': '2', 'Lose': '3'}, {'Year': '2023', 'Team': '롯데', 'ERA': '2.97', 'Win': '5', 'Lose': '6'}, {'Year': '2024', 'Team': '롯데', 'ERA': '3.55', 'Win': '3', 'Lose': '6'}, {'Year': '2025', 'Team': '롯데', 'ERA': '1.69', 'Win': '3', 'Lose': '1'}, {'ERA': '4.90', 'Win': '42', 'Lose': '50'}]"
김진성,https://6ptotvmi5753.edge.naverncp.com/KBO_IMAGE/person/middle/2025/ㅔ75867.jpg,LG,42,투수(우투우타),186cm/90kg,"[{'Year': '2013', 'Team': 'NC', 'ERA': '4.76', 'Win': '1', 'Lose': '2'}, {'Year': '2014', 'Team': 'NC', 'ERA': '4.10', 'Win': '3', 'Lose': '3'}, {'Year': '2015', 'Team': 'NC', 'ERA': '4.50', 'Win': '3', 'Lose': '4'}, {'Year': '2016', 'Team': 'NC', 'ERA': '4.48', 'Win': '6', 'Lose': '8'}, {'Year': '2017', 'Team': 'NC', 'ERA': '3.61', 'Win': '10', 'Lose': '6'}, {'Year': '2018', 'Team': 'NC', 'ERA': '7.15', 'Win': '3', 'Lose': '2'}, {'Year': '2019', 'Team': 'NC', 'ERA': '4.29', 'Win': '1', 'Lose': '2'}, {'Year': '2020', 'Team': 'NC', 'ERA': '2.66', 'Win': '3', 'Lose': '0'}, {'Year': '2021', 'Team': 'NC', 'ERA': '7.17', 'Win': '2', 'Lose': '4'}, {'Year': '2022', 'Team': 'LG', 'ERA': '3.10', 'Win': '6', 'Lose': '3'}, {'Year': '2023', 'Team': 'LG', 'ERA': '2.18', 'Win': '5', 'Lose': '1'}, {'Year': '2024', 'Team': 'LG', 'ERA': '3.97', 'Win': '3', 'Lose': '3'}, {'Year': '2025', 'Team': 'LG', 'ERA': '3.67', 'Win': '2', 'Lose': '2'}, {'ERA': '4.11', 'Win': '48', 'Lose': '40'}]"
김태훈,https://6ptotvmi5753.edge.naverncp.com/KBO_IMAGE/person/middle/2025/55995.jpg,NC,95,투수(우투우타),188cm/88kg,"[{'Year': '2025', 'Team': 'NC', 'ERA': '4.63', 'Win': '0', 'Lose': '0'}, {'ERA': '4.63', 'Win': '0', 'Lose': '0'}]"
김택연,https://6ptotvmi5753.edge.naverncp.com/KBO_IMAGE/person/middle/2025/54263.jpg,두산,63,투수(우투우타),181cm/88kg,"[{'Year': '2024', 'Team': '두산', 'ERA': '2.08', 'Win': '3', 'Lose': '2'}, {'Year': '2025', 'Team': '두산', 'ERA': '2.85', 'Win': '1', 'Lose': '2'}, {'ERA': '2.38', 'Win': '4', 'Lose': '4'}]"
나균안,https://6ptotvmi5753.edge.naverncp.com/KBO_IMAGE/person/middle/2025/67539.jpg,롯데,43,투수(우투우타),186cm/109kg,"[{'Year': '2021', 'Team': '롯데', 'ERA': '6.41', 'Win': '1', 'Lose': '2'}, {'Year': '2022', 'Team': '롯데', 'ERA': '3.98', 'Win': '3', 'Lose': '8'}, {'Year': '2023', 'Team': '롯데', 'ERA': '3.80', 'Win': '6', 'Lose': '8'}, {'Year': '2024', 'Team': '롯데', 'ERA': '8.51', 'Win': '4', 'Lose': '7'}, {'Year': '2025', 'Team': '롯데', 'ERA': '4.39', 'Win': '2', 'Lose': '5'}, {'ERA': '4.99', 'Win': '16', 'Lose': '30'}]"
네일,https://6ptotvmi5753.edge.naverncp.com/KBO_IMAGE/person/middle/2025/54640.jpg,KIA,40,투수(우투우타),193cm/83kg,"[{'Year': '2024', 'Team': 'KIA', 'ERA': '2.53', 'Win': '12', 'Lose': '5'}, {'Year': '2025', 'Team': 'KIA', 'ERA': '2.53', 'Win': '5', 'Lose': '2'}, {'ERA': '2.53', 'Win': '17', 'Lose': '7'}]"
노경은,https://6ptotvmi5753.edge.naverncp.com/KBO_IMAGE/person/middle/2025/73211.jpg,SSG,38,투수(우투우타),187cm/100kg,"[{'Year': '2003', 'Team': '두산', 'ERA': '4.12', 'Win': '3', 'Lose': '1'}, {'Year': '2004', 'Team': '두산', 'ERA': '6.89', 'Win': '2', 'Lose': '2'}, {'Year': '2007', 'Team': '두산', 'ERA': '4.67', 'Win': '1', 'Lose': '2'}, {'Year': '2008', 'Team': '두산', 'ERA': '6.23', 'Win': '0', 'Lose': '1'}, {'Year': '2009', 'Team': '두산', 'ERA': '4.50', 'Win': '0', 'Lose': '2'}, {'Year': '2010', 'Team': '두산', 'ERA': '13.50', 'Win': '0', 'Lose': '0'}, {'Year': '2011', 'Team': '두산', 'ERA': '5.17', 'Win': '5', 'Lose': '2'}, {'Year': '2012', 'Team': '두산', 'ERA': '2.53', 'Win': '12', 'Lose': '6'}, {'Year': '2013', 'Team': '두산', 'ERA': '3.84', 'Win': '10', 'Lose': '10'}, {'Year': '2014', 'Team': '두산', 'ERA': '9.03', 'Win': '3', 'Lose': '15'}, {'Year': '2015', 'Team': '두산', 'ERA': '4.47', 'Win': '1', 'Lose': '4'}, {'Year': '2016', 'Team': '롯데', 'ERA': '6.85', 'Win': '3', 'Lose': '12'}, {'Year': '2017', 'Team': '롯데', 'ERA': '11.66', 'Win': '0', 'Lose': '2'}, {'Year': '2018', 'Team': '롯데', 'ERA': '4.08', 'Win': '9', 'Lose': '6'}, {'Year': '2020', 'Team': '롯데', 'ERA': '4.87', 'Win': '5', 'Lose': '10'}, {'Year': '2021', 'Team': '롯데', 'ERA': '7.35', 'Win': '3', 'Lose': '5'}, {'Year': '2022', 'Team': 'SSG', 'ERA': '3.05', 'Win': '12', 'Lose': '5'}, {'Year': '2023', 'Team': 'SSG', 'ERA': '3.58', 'Win': '9', 'Lose': '5'}, {'Year': '2024', 'Team': 'SSG', 'ERA': '2.90', 'Win': '8', 'Lose': '5'}, {'Year': '2025', 'Team': 'SSG', 'ERA': '1.99', 'Win': '1', 'Lose': '3'}, {'ERA': '4.77', 'Win': '87', 'Lose': '98'}]"
데이비슨,https://6ptotvmi5753.edge.naverncp.com/KBO_IMAGE/person/middle/2025/55536.jpg,롯데,36,투수(좌투좌타),188cm/97kg,"[{'Year': '2025', 'Team': '롯데', 'ERA': '3.63', 'Win': '6', 'Lose': '5'}, {'ERA': '3.63', 'Win': '6', 'Lose': '5'}]"
라일리,https://6ptotvmi5753.edge.naverncp.com/KBO_IMAGE/person/middle/2025/55903.jpg,NC,3,투수(우투우타),190cm/100kg,"[{'Year': '2025', 'Team': 'NC', 'ERA': '2.99', 'Win': '10', 'Lose': '4'}, {'ERA': '2.99', 'Win': '10', 'Lose': '4'}]"
로건,https://6ptotvmi5753.edge.naverncp.com/KBO_IMAGE/person/middle/2025/55912.jpg,NC,12,투수(좌투좌타),186cm/105kg,"[{'Year': '2025', 'Team': 'NC', 'ERA': '2.91', 'Win': '5', 'Lose': '8'}, {'ERA': '2.91', 'Win': '5', 'Lose': '8'}]"
류진욱,https://6ptotvmi5753.edge.naverncp.com/KBO_IMAGE/person/middle/2025/65949.jpg,NC,41,투수(우투우타),189cm/88kg,"[{'Year': '2020', 'Team': 'NC', 'ERA': '6.00', 'Win': '0', 'Lose': '0'}, {'Year': '2021', 'Team': 'NC', 'ERA': '2.08', 'Win': '1', 'Lose': '0'}, {'Year': '2022', 'Team': 'NC', 'ERA': '4.86', 'Win': '4', 'Lose': '2'}, {'Year': '2023', 'Team': 'NC', 'ERA': '2.15', 'Win': '1', 'Lose': '4'}, {'Year': '2024', 'Team': 'NC', 'ERA': '5.74', 'Win': '2', 'Lose': '1'}, {'Year': '2025', 'Team': 'NC', 'ERA': '3.86', 'Win': '2', 'Lose': '2'}, {'ERA': '3.61', 'Win': '10', 'Lose': '9'}]"
류현진,https://6ptotvmi5753.edge.naverncp.com/KBO_IMAGE/person/middle/2025/76715.jpg,한화,99,투수(좌투우타),190cm/113kg,"[{'Year': '2006', 'Team': '한화', 'ERA': '2.23', 'Win': '18', 'Lose': '6'}, {'Year': '2007', 'Team': '한화', 'ERA': '2.94', 'Win': '17', 'Lose': '7'}, {'Year': '2008', 'Team': '한화', 'ERA': '3.31', 'Win': '14', 'Lose': '7'}, {'Year': '2009', 'Team': '한화', 'ERA': '3.57', 'Win': '13', 'Lose': '12'}, {'Year': '2010', 'Team': '한화', 'ERA': '1.82', 'Win': '16', 'Lose': '4'}, {'Year': '2011', 'Team': '한화', 'ERA': '3.36', 'Win': '11', 'Lose': '7'}, {'Year': '2012', 'Team': '한화', 'ERA': '2.66', 'Win': '9', 'Lose': '9'}, {'Year': '2024', 'Team': '한화', 'ERA': '3.87', 'Win': '10', 'Lose': '8'}, {'Year': '2025', 'Team': '한화', 'ERA': '3.36', 'Win': '5', 'Lose': '4'}, {'ERA': '2.94', 'Win': '113', 'Lose': '64'}]"
목지훈,https://6ptotvmi5753.edge.naverncp.com/KBO_IMAGE/person/middle/2025/53973.jpg,NC,20,투수(우투우타),181cm/83kg,"[{'Year': '2024', 'Team': 'NC', 'ERA': '12.00', 'Win': '0', 'Lose': '1'}, {'Year': '2025', 'Team': 'NC', 'ERA': '5.36', 'Win': '3', 'Lose': '4'}, {'ERA': '6.46', 'Win': '3', 'Lose': '5'}]"
문동주,https://6ptotvmi5753.edge.naverncp.com/KBO_IMAGE/person/middle/2025/52701.jpg,한화,1,투수(우투우타),188cm/97kg,"[{'Year': '2022', 'Team': '한화', 'ERA': '5.65', 'Win': '1', 'Lose': '3'}, {'Year': '2023', 'Team': '한화', 'ERA': '3.72', 'Win': '8', 'Lose': '8'}, {'Year': '2024', 'Team': '한화', 'ERA': '5.17', 'Win': '7', 'Lose': '7'}, {'Year': '2025', 'Team': '한화', 'ERA': '3.63', 'Win': '6', 'Lose': '3'}, {'ERA': '4.37', 'Win': '22', 'Lose': '21'}]"
문승원,https://6ptotvmi5753.edge.naverncp.com/KBO_IMAGE/person/middle/2025/62869.jpg,SSG,42,투수(우투우타),180cm/88kg,"[{'Year': '2012', 'Team': 'SK', 'ERA': '4.50', 'Win': '0', 'Lose': '0'}, {'Year': '2013', 'Team': 'SK', 'ERA': '5.55', 'Win': '0', 'Lose': '1'}, {'Year': '2016', 'Team': 'SK', 'ERA': '6.64', 'Win': '4', 'Lose': '4'}, {'Year': '2017', 'Team': 'SK', 'ERA': '5.33', 'Win': '6', 'Lose': '12'}, {'Year': '2018', 'Team': 'SK', 'ERA': '4.60', 'Win': '8', 'Lose': '9'}, {'Year': '2019', 'Team': 'SK', 'ERA': '3.88', 'Win': '11', 'Lose': '7'}, {'Year': '2020', 'Team': 'SK', 'ERA': '3.65', 'Win': '6', 'Lose': '8'}, {'Year': '2021', 'Team': 'SSG', 'ERA': '2.86', 'Win': '2', 'Lose': '2'}, {'Year': '2022', 'Team': 'SSG', 'ERA': '5.11', 'Win': '1', 'Lose': '1'}, {'Year': '2023', 'Team': 'SSG', 'ERA': '5.23', 'Win': '5', 'Lose': '8'}, {'Year': '2024', 'Team': 'SSG', 'ERA': '4.50', 'Win': '6', 'Lose': '1'}, {'Year': '2025', 'Team': 'SSG', 'ERA': '4.11', 'Win': '3', 'Lose': '2'}, {'ERA': '4.58', 'Win': '52', 'Lose': '55'}]"
박상원,https://6ptotvmi5753.edge.naverncp.com/KBO_IMAGE/person/middle/2025/67703.jpg,한화,58,투수(우투우타),187cm/98kg,"[{'Year': '2017', 'Team': '한화', 'ERA': '4.15', 'Win': '0', 'Lose': '0'}, {'Year': '2018', 'Team': '한화', 'ERA': '2.10', 'Win': '4', 'Lose': '2'}, {'Year': '2019', 'Team': '한화', 'ERA': '3.97', 'Win': '1', 'Lose': '4'}, {'Year': '2020', 'Team': '한화', 'ERA': '4.66', 'Win': '1', 'Lose': '0'}, {'Year': '2022', 'Team': '한화', 'ERA': '2.25', 'Win': '0', 'Lose': '0'}, {'Year': '2023', 'Team': '한화', 'ERA': '3.65', 'Win': '5', 'Lose': '3'}, {'Year': '2024', 'Team': '한화', 'ERA': '4.59', 'Win': '3', 'Lose': '3'}, {'Year': '2025', 'Team': '한화', 'ERA': '3.29', 'Win': '4', 'Lose': '3'}, {'ERA': '3.72', 'Win': '18', 'Lose': '15'}]"
박세웅,https://6ptotvmi5753.edge.naverncp.com/KBO_IMAGE/person/middle/2025/64021.jpg,롯데,21,투수(우투우타),182cm/85kg,"[{'Year': '2015', 'Team': '롯데', 'ERA': '5.76', 'Win': '2', 'Lose': '11'}, {'Year': '2016', 'Team': '롯데', 'ERA': '5.76', 'Win': '7', 'Lose': '12'}, {'Year': '2017', 'Team': '롯데', 'ERA': '3.68', 'Win': '12', 'Lose': '6'}, {'Year': '2018', 'Team': '롯데', 'ERA': '9.92', 'Win': '1', 'Lose': '5'}, {'Year': '2019', 'Team': '롯데', 'ERA': '4.20', 'Win': '3', 'Lose': '6'}, {'Year': '2020', 'Team': '롯데', 'ERA': '4.70', 'Win': '8', 'Lose': '10'}, {'Year': '2021', 'Team': '롯데', 'ERA': '3.98', 'Win': '10', 'Lose': '9'}, {'Year': '2022', 'Team': '롯데', 'ERA': '3.89', 'Win': '10', 'Lose': '11'}, {'Year': '2023', 'Team': '롯데', 'ERA': '3.45', 'Win': '9', 'Lose': '7'}, {'Year': '2024', 'Team': '롯데', 'ERA': '4.78', 'Win': '6', 'Lose': '11'}, {'Year': '2025', 'Team': '롯데', 'ERA': '4.83', 'Win': '9', 'Lose': '5'}, {'ERA': '4.63', 'Win': '77', 'Lose': '93'}]"
박시후,https://6ptotvmi5753.edge.naverncp.com/KBO_IMAGE/person/middle/2025/50812.jpg,SSG,57,투수(좌투좌타),182cm/88kg,"[{'Year': '2022', 'Team': 'SSG', 'ERA': '18.00', 'Win': '0', 'Lose': '0'}, {'Year': '2024', 'Team': 'SSG', 'ERA': '6.75', 'Win': '0', 'Lose': '0'}, {'Year': '2025', 'Team': 'SSG', 'ERA': '3.00', 'Win': '4', 'Lose': '1'}, {'ERA': '4.44', 'Win': '4', 'Lose': '1'}]"
박신지,https://6ptotvmi5753.edge.naverncp.com/KBO_IMAGE/person/middle/2025/68249.jpg,두산,49,투수(우투우타),185cm/75kg,"[{'Year': '2018', 'Team': '두산', 'ERA': '3.00', 'Win': '1', 'Lose': '2'}, {'Year': '2019', 'Team': '두산', 'ERA': '-', 'Win': '0', 'Lose': '0'}, {'Year': '2020', 'Team': '두산', 'ERA': '18.00', 'Win': '0', 'Lose': '0'}, {'Year': '2022', 'Team': '두산', 'ERA': '6.71', 'Win': '1', 'Lose': '6'}, {'Year': '2023', 'Team': '두산', 'ERA': '5.54', 'Win': '0', 'Lose': '0'}, {'Year': '2024', 'Team': '두산', 'ERA': '2.08', 'Win': '0', 'Lose': '1'}, {'Year': '2025', 'Team': '두산', 'ERA': '2.70', 'Win': '1', 'Lose': '1'}, {'ERA': '5.21', 'Win': '3', 'Lose': '10'}]"
박영현,https://6ptotvmi5753.edge.naverncp.com/KBO_IMAGE/person/middle/2025/52060.jpg,KT,60,투수(우투우타),183cm/91kg,"[{'Year': '2022', 'Team': 'KT', 'ERA': '3.66', 'Win': '0', 'Lose': '1'}, {'Year': '2023', 'Team': 'KT', 'ERA': '2.75', 'Win': '3', 'Lose': '3'}, {'Year': '2024', 'Team': 'KT', 'ERA': '3.52', 'Win': '10', 'Lose': '2'}, {'Year': '2025', 'Team': 'KT', 'ERA': '2.66', 'Win': '1', 'Lose': '4'}, {'ERA': '3.16', 'Win': '14', 'Lose': '10'}]"
박윤성,https://6ptotvmi5753.edge.naverncp.com/KBO_IMAGE/person/middle/2025/53301.jpg,키움,35,투수(우투우타),183cm/96kg,"[{'Year': '2024', 'Team': '키움', 'ERA': '5.79', 'Win': '0', 'Lose': '0'}, {'Year': '2025', 'Team': '키움', 'ERA': '3.76', 'Win': '0', 'Lose': '5'}, {'ERA': '4.60', 'Win': '0', 'Lose': '5'}]"
박치국,https://6ptotvmi5753.edge.naverncp.com/KBO_IMAGE/person/middle/2025/67266.jpg,두산,1,투수(우언우타),177cm/78kg,"[{'Year': '2017', 'Team': '두산', 'ERA': '6.75', 'Win': '1', 'Lose': '1'}, {'Year': '2018', 'Team': '두산', 'ERA': '3.63', 'Win': '1', 'Lose': '5'}, {'Year': '2019', 'Team': '두산', 'ERA': '4.50', 'Win': '2', 'Lose': '2'}, {'Year': '2020', 'Team': '두산', 'ERA': '2.89', 'Win': '4', 'Lose': '4'}, {'Year': '2021', 'Team': '두산', 'ERA': '4.09', 'Win': '2', 'Lose': '1'}, {'Year': '2022', 'Team': '두산', 'ERA': '5.40', 'Win': '1', 'Lose': '2'}, {'Year': '2023', 'Team': '두산', 'ERA': '3.59', 'Win': '5', 'Lose': '3'}, {'Year': '2024', 'Team': '두산', 'ERA': '6.38', 'Win': '2', 'Lose': '3'}, {'Year': '2025', 'Team': '두산', 'ERA': '3.11', 'Win': '1', 'Lose': '1'}, {'ERA': '4.22', 'Win': '19', 'Lose': '22'}]"
배재환,https://6ptotvmi5753.edge.naverncp.com/KBO_IMAGE/person/middle/2025/64995.jpg,NC,61,투수(우투우타),186cm/95kg,"[{'Year': '2015', 'Team': 'NC', 'ERA': '18.00', 'Win': '0', 'Lose': '0'}, {'Year': '2016', 'Team': 'NC', 'ERA': '4.09', 'Win': '1', 'Lose': '1'}, {'Year': '2017', 'Team': 'NC', 'ERA': '9.00', 'Win': '0', 'Lose': '1'}, {'Year': '2018', 'Team': 'NC', 'ERA': '4.50', 'Win': '3', 'Lose': '3'}, {'Year': '2019', 'Team': 'NC', 'ERA': '3.81', 'Win': '3', 'Lose': '5'}, {'Year': '2020', 'Team': 'NC', 'ERA': '3.98', 'Win': '1', 'Lose': '3'}, {'Year': '2024', 'Team': 'NC', 'ERA': '7.32', 'Win': '0', 'Lose': '1'}, {'Year': '2025', 'Team': 'NC', 'ERA': '3.86', 'Win': '1', 'Lose': '2'}, {'ERA': '4.58', 'Win': '9', 'Lose': '16'}]"
배제성,https://6ptotvmi5753.edge.naverncp.com/KBO_IMAGE/person/middle/2025/65516.jpg,KT,19,투수(우투좌타),190cm/90kg,"[{'Year': '2017', 'Team': 'KT', 'ERA': '8.72', 'Win': '0', 'Lose': '0'}, {'Year': '2018', 'Team': 'KT', 'ERA': '0.00', 'Win': '0', 'Lose': '0'}, {'Year': '2019', 'Team': 'KT', 'ERA': '3.76', 'Win': '10', 'Lose': '10'}, {'Year': '2020', 'Team': 'KT', 'ERA': '3.95', 'Win': '10', 'Lose': '7'}, {'Year': '2021', 'Team': 'KT', 'ERA': '3.68', 'Win': '9', 'Lose': '10'}, {'Year': '2022', 'Team': 'KT', 'ERA': '4.21', 'Win': '3', 'Lose': '9'}, {'Year': '2023', 'Team': 'KT', 'ERA': '4.49', 'Win': '8', 'Lose': '10'}, {'Year': '2025', 'Team': 'KT', 'ERA': '2.89', 'Win': '1', 'Lose': '1'}, {'ERA': '4.18', 'Win': '41', 'Lose': '47'}]"
배찬승,https://6ptotvmi5753.edge.naverncp.com/KBO_IMAGE/person/middle/2025/55455.jpg,삼성,55,투수(좌투좌타),180cm/85kg,"[{'Year': '2025', 'Team': '삼성', 'ERA': '4.13', 'Win': '0', 'Lose': '1'}, {'ERA': '4.13', 'Win': '0', 'Lose': '1'}]"
백승현,https://6ptotvmi5753.edge.naverncp.com/KBO_IMAGE/person/middle/2025/65109.jpg,LG,61,투수(우투우타),183cm/90kg,"[{'Year': '2021', 'Team': 'LG', 'ERA': '2.16', 'Win': '0', 'Lose': '0'}, {'Year': '2022', 'Team': 'LG', 'ERA': '10.80', 'Win': '0', 'Lose': '1'}, {'Year': '2023', 'Team': 'LG', 'ERA': '1.58', 'Win': '2', 'Lose': '0'}, {'Year': '2024', 'Team': 'LG', 'ERA': '9.11', 'Win': '2', 'Lose': '1'}, {'Year': '2025', 'Team': 'LG', 'ERA': '3.00', 'Win': '1', 'Lose': '0'}, {'ERA': '4.49', 'Win': '5', 'Lose': '2'}]"
성영탁,https://6ptotvmi5753.edge.naverncp.com/KBO_IMAGE/person/middle/2025/54610.jpg,KIA,65,투수(우투우타),180cm/89kg,"[{'Year': '2025', 'Team': 'KIA', 'ERA': '0.81', 'Win': '1', 'Lose': '0'}, {'ERA': '0.81', 'Win': '1', 'Lose': '0'}]"
소이현,https://6ptotvmi5753.edge.naverncp.com/KBO_IMAGE/person/middle/2025/67962.jpg,NC,50,투수(우투우타),185cm/93kg,"[{'Year': '2019', 'Team': 'NC', 'ERA': '0.00', 'Win': '0', 'Lose': '0'}, {'Year': '2020', 'Team': 'NC', 'ERA': '6.57', 'Win': '0', 'Lose': '0'}, {'Year': '2021', 'Team': 'NC', 'ERA': '6.75', 'Win': '0', 'Lose': '0'}, {'Year': '2024', 'Team': 'NC', 'ERA': '13.50', 'Win': '0', 'Lose': '0'}, {'Year': '2025', 'Team': 'NC', 'ERA': '0.00', 'Win': '0', 'Lose': '0'}, {'ERA': '6.83', 'Win': '0', 'Lose': '0'}]"
소형준,https://6ptotvmi5753.edge.naverncp.com/KBO_IMAGE/person/middle/2025/50030.jpg,KT,30,투수(우투우타),189cm/92kg,"[{'Year': '2020', 'Team': 'KT', 'ERA': '3.86', 'Win': '13', 'Lose': '6'}, {'Year': '2021', 'Team': 'KT', 'ERA': '4.16', 'Win': '7', 'Lose': '7'}, {'Year': '2022', 'Team': 'KT', 'ERA': '3.05', 'Win': '13', 'Lose': '6'}, {'Year': '2023', 'Team': 'KT', 'ERA': '11.45', 'Win': '0', 'Lose': '0'}, {'Year': '2024', 'Team': 'KT', 'ERA': '3.24', 'Win': '2', 'Lose': '0'}, {'Year': '2025', 'Team': 'KT', 'ERA': '2.99', 'Win': '6', 'Lose': '2'}, {'ERA': '3.66', 'Win': '41', 'Lose': '21'}]"
손동현,https://6ptotvmi5753.edge.naverncp.com/KBO_IMAGE/person/middle/2025/69041.jpg,KT,41,투수(우투우타),183cm/88kg,"[{'Year': '2019', 'Team': 'KT', 'ERA': '4.75', 'Win': '2', 'Lose': '3'}, {'Year': '2020', 'Team': 'KT', 'ERA': '5.31', 'Win': '0', 'Lose': '0'}, {'Year': '2023', 'Team': 'KT', 'ERA': '3.42', 'Win': '8', 'Lose': '5'}, {'Year': '2024', 'Team': 'KT', 'ERA': '5.32', 'Win': '1', 'Lose': '2'}, {'Year': '2025', 'Team': 'KT', 'ERA': '0.89', 'Win': '3', 'Lose': '0'}, {'ERA': '3.95', 'Win': '14', 'Lose': '10'}]"
손주영,https://6ptotvmi5753.edge.naverncp.com/KBO_IMAGE/person/middle/2025/67143.jpg,LG,29,투수(좌투좌타),191cm/95kg,"[{'Year': '2017', 'Team': 'LG', 'ERA': '4.50', 'Win': '0', 'Lose': '0'}, {'Year': '2018', 'Team': 'LG', 'ERA': '8.49', 'Win': '0', 'Lose': '2'}, {'Year': '2021', 'Team': 'LG', 'ERA': '8.44', 'Win': '1', 'Lose': '3'}, {'Year': '2022', 'Team': 'LG', 'ERA': '4.97', 'Win': '0', 'Lose': '1'}, {'Year': '2023', 'Team': 'LG', 'ERA': '5.19', 'Win': '1', 'Lose': '0'}, {'Year': '2024', 'Team': 'LG', 'ERA': '3.79', 'Win': '9', 'Lose': '10'}, {'Year': '2025', 'Team': 'LG', 'ERA': '3.98', 'Win': '6', 'Lose': '6'}, {'ERA': '4.57', 'Win': '17', 'Lose': '22'}]"
송승기,https://6ptotvmi5753.edge.naverncp.com/KBO_IMAGE/person/middle/2025/51111.jpg,LG,13,투수(좌투좌타),181cm/90kg,"[{'Year': '2022', 'Team': 'LG', 'ERA': '5.40', 'Win': '0', 'Lose': '1'}, {'Year': '2023', 'Team': 'LG', 'ERA': '0.00', 'Win': '0', 'Lose': '0'}, {'Year': '2025', 'Team': 'LG', 'ERA': '3.25', 'Win': '8', 'Lose': '5'}, {'ERA': '3.40', 'Win': '8', 'Lose': '6'}]"
신민혁,https://6ptotvmi5753.edge.naverncp.com/KBO_IMAGE/person/middle/2025/68902.jpg,NC,18,투수(우투우타),184cm/95kg,"[{'Year': '2020', 'Team': 'NC', 'ERA': '5.79', 'Win': '2', 'Lose': '3'}, {'Year': '2021', 'Team': 'NC', 'ERA': '4.41', 'Win': '9', 'Lose': '6'}, {'Year': '2022', 'Team': 'NC', 'ERA': '4.56', 'Win': '4', 'Lose': '9'}, {'Year': '2023', 'Team': 'NC', 'ERA': '3.98', 'Win': '5', 'Lose': '5'}, {'Year': '2024', 'Team': 'NC', 'ERA': '4.31', 'Win': '8', 'Lose': '9'}, {'Year': '2025', 'Team': 'NC', 'ERA': '4.65', 'Win': '4', 'Lose': '3'}, {'ERA': '4.46', 'Win': '32', 'Lose': '35'}]"
신민혁,https://6ptotvmi5753.edge.naverncp.com/KBO_IMAGE/person/middle/2025/68902.jpg,NC,18,투수(우투우타),184cm/95kg,"[{'Year': '2020', 'Team': 'NC', 'ERA': '5.79', 'Win': '2', 'Lose': '3'}, {'Year': '2021', 'Team': 'NC', 'ERA': '4.41', 'Win': '9', 'Lose': '6'}, {'Year': '2022', 'Team': 'NC', 'ERA': '4.56', 'Win': '4', 'Lose': '9'}, {'Year': '2023', 'Team': 'NC', 'ERA': '3.98', 'Win': '5', 'Lose': '5'}, {'Year': '2024', 'Team': 'NC', 'ERA': '4.31', 'Win': '8', 'Lose': '9'}, {'Year': '2025', 'Team': 'NC', 'ERA': '4.65', 'Win': '4', 'Lose': '3'}, {'ERA': '4.46', 'Win': '32', 'Lose': '35'}]"
알칸타라,https://6ptotvmi5753.edge.naverncp.com/KBO_IMAGE/person/middle/2025/69045.jpg,키움,54,투수(우투우타),193cm/100kg,"[{'Year': '2019', 'Team': 'KT', 'ERA': '4.01', 'Win': '11', 'Lose': '11'}, {'Year': '2020', 'Team': '두산', 'ERA': '2.54', 'Win': '20', 'Lose': '2'}, {'Year': '2023', 'Team': '두산', 'ERA': '2.67', 'Win': '13', 'Lose': '9'}, {'Year': '2024', 'Team': '두산', 'ERA': '4.76', 'Win': '2', 'Lose': '2'}, {'Year': '2025', 'Team': '키움', 'ERA': '2.63', 'Win': '3', 'Lose': '2'}, {'ERA': '3.18', 'Win': '49', 'Lose': '26'}]"
앤더슨,https://6ptotvmi5753.edge.naverncp.com/KBO_IMAGE/person/middle/2025/54833.jpg,SSG,33,투수(우투우타),194cm/83kg,"[{'Year': '2024', 'Team': 'SSG', 'ERA': '3.89', 'Win': '11', 'Lose': '3'}, {'Year': '2025', 'Team': 'SSG', 'ERA': '1.99', 'Win': '6', 'Lose': '4'}, {'ERA': '3.01', 'Win': '17', 'Lose': '7'}]"
양창섭,https://6ptotvmi5753.edge.naverncp.com/KBO_IMAGE/person/middle/2025/68415.jpg,삼성,42,투수(우투우타),182cm/85kg,"[{'Year': '2018', 'Team': '삼성', 'ERA': '5.05', 'Win': '7', 'Lose': '6'}, {'Year': '2020', 'Team': '삼성', 'ERA': '2.70', 'Win': '0', 'Lose': '0'}, {'Year': '2021', 'Team': '삼성', 'ERA': '6.60', 'Win': '1', 'Lose': '1'}, {'Year': '2022', 'Team': '삼성', 'ERA': '8.41', 'Win': '2', 'Lose': '3'}, {'Year': '2023', 'Team': '삼성', 'ERA': '9.10', 'Win': '0', 'Lose': '3'}, {'Year': '2025', 'Team': '삼성', 'ERA': '5.40', 'Win': '1', 'Lose': '1'}, {'ERA': '6.15', 'Win': '11', 'Lose': '14'}]"
양현종,https://6ptotvmi5753.edge.naverncp.com/KBO_IMAGE/person/middle/2025/77637.jpg,KIA,54,투수(좌투좌타),183cm/91kg,"[{'Year': '2007', 'Team': 'KIA', 'ERA': '4.17', 'Win': '1', 'Lose': '2'}, {'Year': '2008', 'Team': 'KIA', 'ERA': '5.83', 'Win': '0', 'Lose': '5'}, {'Year': '2009', 'Team': 'KIA', 'ERA': '3.15', 'Win': '12', 'Lose': '5'}, {'Year': '2010', 'Team': 'KIA', 'ERA': '4.25', 'Win': '16', 'Lose': '8'}, {'Year': '2011', 'Team': 'KIA', 'ERA': '6.18', 'Win': '7', 'Lose': '9'}, {'Year': '2012', 'Team': 'KIA', 'ERA': '5.05', 'Win': '1', 'Lose': '2'}, {'Year': '2013', 'Team': 'KIA', 'ERA': '3.10', 'Win': '9', 'Lose': '3'}, {'Year': '2014', 'Team': 'KIA', 'ERA': '4.25', 'Win': '16', 'Lose': '8'}, {'Year': '2015', 'Team': 'KIA', 'ERA': '2.44', 'Win': '15', 'Lose': '6'}, {'Year': '2016', 'Team': 'KIA', 'ERA': '3.68', 'Win': '10', 'Lose': '12'}, {'Year': '2017', 'Team': 'KIA', 'ERA': '3.44', 'Win': '20', 'Lose': '6'}, {'Year': '2018', 'Team': 'KIA', 'ERA': '4.15', 'Win': '13', 'Lose': '11'}, {'Year': '2019', 'Team': 'KIA', 'ERA': '2.29', 'Win': '16', 'Lose': '8'}, {'Year': '2020', 'Team': 'KIA', 'ERA': '4.70', 'Win': '11', 'Lose': '10'}, {'Year': '2022', 'Team': 'KIA', 'ERA': '3.85', 'Win': '12', 'Lose': '7'}, {'Year': '2023', 'Team': 'KIA', 'ERA': '3.58', 'Win': '9', 'Lose': '11'}, {'Year': '2024', 'Team': 'KIA', 'ERA': '4.10', 'Win': '11', 'Lose': '5'}, {'Year': '2025', 'Team': 'KIA', 'ERA': '4.92', 'Win': '5', 'Lose': '4'}, {'ERA': '3.87', 'Win': '184', 'Lose': '122'}]"
엄상백,https://6ptotvmi5753.edge.naverncp.com/KBO_IMAGE/person/middle/2025/65056.jpg,한화,11,투수(우언우타),187cm/72kg,"[{'Year': '2015', 'Team': 'KT', 'ERA': '6.66', 'Win': '5', 'Lose': '6'}, {'Year': '2016', 'Team': 'KT', 'ERA': '6.75', 'Win': '1', 'Lose': '5'}, {'Year': '2017', 'Team': 'KT', 'ERA': '4.15', 'Win': '1', 'Lose': '3'}, {'Year': '2018', 'Team': 'KT', 'ERA': '5.44', 'Win': '1', 'Lose': '8'}, {'Year': '2019', 'Team': 'KT', 'ERA': '8.04', 'Win': '2', 'Lose': '3'}, {'Year': '2021', 'Team': 'KT', 'ERA': '4.10', 'Win': '4', 'Lose': '1'}, {'Year': '2022', 'Team': 'KT', 'ERA': '2.95', 'Win': '11', 'Lose': '2'}, {'Year': '2023', 'Team': 'KT', 'ERA': '3.63', 'Win': '7', 'Lose': '6'}, {'Year': '2024', 'Team': 'KT', 'ERA': '4.88', 'Win': '13', 'Lose': '10'}, {'Year': '2025', 'Team': '한화', 'ERA': '6.23', 'Win': '1', 'Lose': '6'}, {'ERA': '4.92', 'Win': '46', 'Lose': '50'}]"
에르난데스,https://6ptotvmi5753.edge.naverncp.com/KBO_IMAGE/person/middle/2025/54119.jpg,LG,30,투수(우투우타),185cm/97kg,"[{'Year': '2024', 'Team': 'LG', 'ERA': '4.02', 'Win': '3', 'Lose': '2'}, {'Year': '2025', 'Team': 'LG', 'ERA': '4.40', 'Win': '3', 'Lose': '3'}, {'ERA': '4.21', 'Win': '6', 'Lose': '5'}]"
오석주,https://6ptotvmi5753.edge.naverncp.com/KBO_IMAGE/person/middle/2025/67116.jpg,키움,31,투수(우투우타),180cm/74kg,"[{'Year': '2019', 'Team': 'LG', 'ERA': '5.40', 'Win': '0', 'Lose': '0'}, {'Year': '2021', 'Team': 'LG', 'ERA': '6.48', 'Win': '0', 'Lose': '0'}, {'Year': '2022', 'Team': 'LG', 'ERA': '2.45', 'Win': '0', 'Lose': '0'}, {'Year': '2023', 'Team': 'LG', 'ERA': '6.30', 'Win': '0', 'Lose': '0'}, {'Year': '2024', 'Team': '키움', 'ERA': '11.12', 'Win': '1', 'Lose': '1'}, {'Year': '2025', 'Team': '키움', 'ERA': '5.86', 'Win': '0', 'Lose': '1'}, {'ERA': '6.92', 'Win': '1', 'Lose': '2'}]"
오승환,https://6ptotvmi5753.edge.naverncp.com/KBO_IMAGE/person/middle/2025/75421.jpg,삼성,21,투수(우투우타),178cm/93kg,"[{'Year': '2005', 'Team': '삼성', 'ERA': '1.18', 'Win': '10', 'Lose': '1'}, {'Year': '2006', 'Team': '삼성', 'ERA': '1.59', 'Win': '4', 'Lose': '3'}, {'Year': '2007', 'Team': '삼성', 'ERA': '1.40', 'Win': '4', 'Lose': '4'}, {'Year': '2008', 'Team': '삼성', 'ERA': '1.40', 'Win': '1', 'Lose': '1'}, {'Year': '2009', 'Team': '삼성', 'ERA': '4.83', 'Win': '2', 'Lose': '2'}, {'Year': '2010', 'Team': '삼성', 'ERA': '4.50', 'Win': '0', 'Lose': '0'}, {'Year': '2011', 'Team': '삼성', 'ERA': '0.63', 'Win': '1', 'Lose': '0'}, {'Year': '2012', 'Team': '삼성', 'ERA': '1.94', 'Win': '2', 'Lose': '1'}, {'Year': '2013', 'Team': '삼성', 'ERA': '1.74', 'Win': '4', 'Lose': '1'}, {'Year': '2020', 'Team': '삼성', 'ERA': '2.64', 'Win': '3', 'Lose': '2'}, {'Year': '2021', 'Team': '삼성', 'ERA': '2.03', 'Win': '0', 'Lose': '2'}, {'Year': '2022', 'Team': '삼성', 'ERA': '3.32', 'Win': '6', 'Lose': '2'}, {'Year': '2023', 'Team': '삼성', 'ERA': '3.45', 'Win': '4', 'Lose': '5'}, {'Year': '2024', 'Team': '삼성', 'ERA': '4.91', 'Win': '3', 'Lose': '9'}, {'Year': '2025', 'Team': '삼성', 'ERA': '7.36', 'Win': '0', 'Lose': '0'}, {'ERA': '2.30', 'Win': '44', 'Lose': '33'}]"
오원석,https://6ptotvmi5753.edge.naverncp.com/KBO_IMAGE/person/middle/2025/50859.jpg,KT,47,투수(좌투좌타),182cm/80kg,"[{'Year': '2020', 'Team': 'SK', 'ERA': '5.59', 'Win': '0', 'Lose': '1'}, {'Year': '2021', 'Team': 'SSG', 'ERA': '5.89', 'Win': '7', 'Lose': '6'}, {'Year': '2022', 'Team': 'SSG', 'ERA': '4.50', 'Win': '6', 'Lose': '8'}, {'Year': '2023', 'Team': 'SSG', 'ERA': '5.23', 'Win': '8', 'Lose': '10'}, {'Year': '2024', 'Team': 'SSG', 'ERA': '5.03', 'Win': '6', 'Lose': '9'}, {'Year': '2025', 'Team': 'KT', 'ERA': '2.78', 'Win': '10', 'Lose': '3'}, {'ERA': '4.79', 'Win': '37', 'Lose': '37'}]"
올러,https://6ptotvmi5753.edge.naverncp.com/KBO_IMAGE/person/middle/2025/55633.jpg,KIA,33,투수(우투우타),193cm/102kg,"[{'Year': '2025', 'Team': 'KIA', 'ERA': '3.03', 'Win': '8', 'Lose': '3'}, {'ERA': '3.03', 'Win': '8', 'Lose': '3'}]"
와이스,https://6ptotvmi5753.edge.naverncp.com/KBO_IMAGE/person/middle/2025/54755.jpg,한화,55,투수(우투우타),193cm/95kg,"[{'Year': '2024', 'Team': '한화', 'ERA': '3.73', 'Win': '5', 'Lose': '5'}, {'Year': '2025', 'Team': '한화', 'ERA': '3.25', 'Win': '9', 'Lose': '3'}, {'ERA': '3.48', 'Win': '14', 'Lose': '8'}]"
우규민,https://6ptotvmi5753.edge.naverncp.com/KBO_IMAGE/person/middle/2025/73117.jpg,KT,12,투수(우언우타),184cm/75kg,"[{'Year': '2004', 'Team': 'LG', 'ERA': '3.93', 'Win': '2', 'Lose': '1'}, {'Year': '2005', 'Team': 'LG', 'ERA': '1.17', 'Win': '1', 'Lose': '0'}, {'Year': '2006', 'Team': 'LG', 'ERA': '1.55', 'Win': '3', 'Lose': '4'}, {'Year': '2007', 'Team': 'LG', 'ERA': '2.65', 'Win': '5', 'Lose': '6'}, {'Year': '2008', 'Team': 'LG', 'ERA': '4.91', 'Win': '3', 'Lose': '7'}, {'Year': '2009', 'Team': 'LG', 'ERA': '5.70', 'Win': '0', 'Lose': '3'}, {'Year': '2012', 'Team': 'LG', 'ERA': '3.30', 'Win': '4', 'Lose': '4'}, {'Year': '2013', 'Team': 'LG', 'ERA': '3.91', 'Win': '10', 'Lose': '8'}, {'Year': '2014', 'Team': 'LG', 'ERA': '4.04', 'Win': '11', 'Lose': '5'}, {'Year': '2015', 'Team': 'LG', 'ERA': '3.42', 'Win': '11', 'Lose': '9'}, {'Year': '2016', 'Team': 'LG', 'ERA': '4.91', 'Win': '6', 'Lose': '11'}, {'Year': '2017', 'Team': '삼성', 'ERA': '5.21', 'Win': '7', 'Lose': '10'}, {'Year': '2018', 'Team': '삼성', 'ERA': '4.30', 'Win': '4', 'Lose': '1'}, {'Year': '2019', 'Team': '삼성', 'ERA': '2.75', 'Win': '2', 'Lose': '7'}, {'Year': '2020', 'Team': '삼성', 'ERA': '6.19', 'Win': '3', 'Lose': '3'}, {'Year': '2021', 'Team': '삼성', 'ERA': '3.31', 'Win': '3', 'Lose': '3'}, {'Year': '2022', 'Team': '삼성', 'ERA': '3.26', 'Win': '4', 'Lose': '3'}, {'Year': '2023', 'Team': '삼성', 'ERA': '4.81', 'Win': '3', 'Lose': '1'}, {'Year': '2024', 'Team': 'KT', 'ERA': '2.49', 'Win': '4', 'Lose': '1'}, {'Year': '2025', 'Team': 'KT', 'ERA': '2.43', 'Win': '1', 'Lose': '1'}, {'ERA': '3.87', 'Win': '87', 'Lose': '88'}]"
원종현,https://6ptotvmi5753.edge.naverncp.com/KBO_IMAGE/person/middle/2025/76118.jpg,키움,46,투수(우언우타),182cm/88kg,"[{'Year': '2014', 'Team': 'NC', 'ERA': '4.06', 'Win': '5', 'Lose': '3'}, {'Year': '2016', 'Team': 'NC', 'ERA': '3.18', 'Win': '3', 'Lose': '3'}, {'Year': '2017', 'Team': 'NC', 'ERA': '4.39', 'Win': '3', 'Lose': '6'}, {'Year': '2018', 'Team': 'NC', 'ERA': '5.18', 'Win': '3', 'Lose': '6'}, {'Year': '2019', 'Team': 'NC', 'ERA': '3.90', 'Win': '3', 'Lose': '3'}, {'Year': '2020', 'Team': 'NC', 'ERA': '4.26', 'Win': '3', 'Lose': '5'}, {'Year': '2021', 'Team': 'NC', 'ERA': '4.25', 'Win': '2', 'Lose': '2'}, {'Year': '2022', 'Team': 'NC', 'ERA': '2.98', 'Win': '5', 'Lose': '0'}, {'Year': '2023', 'Team': '키움', 'ERA': '5.79', 'Win': '1', 'Lose': '1'}, {'Year': '2024', 'Team': '키움', 'ERA': '4.91', 'Win': '0', 'Lose': '0'}, {'Year': '2025', 'Team': '키움', 'ERA': '4.59', 'Win': '0', 'Lose': '1'}, {'ERA': '4.12', 'Win': '28', 'Lose': '30'}]"
원태인,https://6ptotvmi5753.edge.naverncp.com/KBO_IMAGE/person/middle/2025/69446.jpg,삼성,18,투수(우투우타),183cm/92kg,"[{'Year': '2019', 'Team': '삼성', 'ERA': '4.82', 'Win': '4', 'Lose': '8'}, {'Year': '2020', 'Team': '삼성', 'ERA': '4.89', 'Win': '6', 'Lose': '10'}, {'Year': '2021', 'Team': '삼성', 'ERA': '3.06', 'Win': '14', 'Lose': '7'}, {'Year': '2022', 'Team': '삼성', 'ERA': '3.92', 'Win': '10', 'Lose': '8'}, {'Year': '2023', 'Team': '삼성', 'ERA': '3.24', 'Win': '7', 'Lose': '7'}, {'Year': '2024', 'Team': '삼성', 'ERA': '3.66', 'Win': '15', 'Lose': '6'}, {'Year': '2025', 'Team': '삼성', 'ERA': '3.13', 'Win': '6', 'Lose': '3'}, {'ERA': '3.80', 'Win': '62', 'Lose': '49'}]"
웰스,https://6ptotvmi5753.edge.naverncp.com/KBO_IMAGE/person/middle/2025/55348.jpg,키움,48,투수(좌투좌타),185cm/84kg,"[{'Year': '2025', 'Team': '키움', 'ERA': '3.38', 'Win': '1', 'Lose': '1'}, {'ERA': '3.38', 'Win': '1', 'Lose': '1'}]"
윤석원,https://6ptotvmi5753.edge.naverncp.com/KBO_IMAGE/person/middle/2025/52395.jpg,키움,95,투수(좌투좌타),185cm/81kg,"[{'Year': '2023', 'Team': '키움', 'ERA': '4.50', 'Win': '2', 'Lose': '0'}, {'Year': '2024', 'Team': '키움', 'ERA': '11.42', 'Win': '0', 'Lose': '1'}, {'Year': '2025', 'Team': '키움', 'ERA': '12.38', 'Win': '0', 'Lose': '0'}, {'ERA': '8.21', 'Win': '2', 'Lose': '1'}]"
윤영철,https://6ptotvmi5753.edge.naverncp.com/KBO_IMAGE/person/middle/2025/53613.jpg,KIA,13,투수(좌투좌타),187cm/87kg,"[{'Year': '2023', 'Team': 'KIA', 'ERA': '4.04', 'Win': '8', 'Lose': '7'}, {'Year': '2024', 'Team': 'KIA', 'ERA': '4.19', 'Win': '7', 'Lose': '4'}, {'Year': '2025', 'Team': 'KIA', 'ERA': '5.44', 'Win': '2', 'Lose': '6'}, {'ERA': '4.35', 'Win': '17', 'Lose': '17'}]"
이로운,https://6ptotvmi5753.edge.naverncp.com/KBO_IMAGE/person/middle/2025/53892.jpg,SSG,92,투수(우투우타),185cm/105kg,"[{'Year': '2023', 'Team': 'SSG', 'ERA': '5.62', 'Win': '6', 'Lose': '1'}, {'Year': '2024', 'Team': 'SSG', 'ERA': '5.95', 'Win': '1', 'Lose': '3'}, {'Year': '2025', 'Team': 'SSG', 'ERA': '1.40', 'Win': '2', 'Lose': '4'}, {'ERA': '4.54', 'Win': '9', 'Lose': '8'}]"
이민석,https://6ptotvmi5753.edge.naverncp.com/KBO_IMAGE/person/middle/2025/52530.jpg,롯데,37,투수(우투우타),189cm/95kg,"[{'Year': '2022', 'Team': '롯데', 'ERA': '5.88', 'Win': '1', 'Lose': '1'}, {'Year': '2023', 'Team': '롯데', 'ERA': '0.00', 'Win': '0', 'Lose': '0'}, {'Year': '2024', 'Team': '롯데', 'ERA': '7.26', 'Win': '0', 'Lose': '2'}, {'Year': '2025', 'Team': '롯데', 'ERA': '4.17', 'Win': '2', 'Lose': '2'}, {'ERA': '5.50', 'Win': '3', 'Lose': '5'}]"
이승현,https://6ptotvmi5753.edge.naverncp.com/KBO_IMAGE/person/middle/2025/51454.jpg,삼성,57,투수(좌투좌타),183cm/102kg,"[{'Year': '2021', 'Team': '삼성', 'ERA': '5.26', 'Win': '1', 'Lose': '4'}, {'Year': '2022', 'Team': '삼성', 'ERA': '4.53', 'Win': '2', 'Lose': '4'}, {'Year': '2023', 'Team': '삼성', 'ERA': '4.98', 'Win': '1', 'Lose': '5'}, {'Year': '2024', 'Team': '삼성', 'ERA': '4.23', 'Win': '6', 'Lose': '4'}, {'Year': '2025', 'Team': '삼성', 'ERA': '4.72', 'Win': '4', 'Lose': '7'}, {'ERA': '4.65', 'Win': '14', 'Lose': '24'}]"
이영하,https://6ptotvmi5753.edge.naverncp.com/KBO_IMAGE/person/middle/2025/66291.jpg,두산,50,투수(우투우타),192cm/91kg,"[{'Year': '2017', 'Team': '두산', 'ERA': '5.55', 'Win': '3', 'Lose': '3'}, {'Year': '2018', 'Team': '두산', 'ERA': '5.28', 'Win': '10', 'Lose': '3'}, {'Year': '2019', 'Team': '두산', 'ERA': '3.64', 'Win': '17', 'Lose': '4'}, {'Year': '2020', 'Team': '두산', 'ERA': '4.64', 'Win': '5', 'Lose': '11'}, {'Year': '2021', 'Team': '두산', 'ERA': '6.29', 'Win': '5', 'Lose': '6'}, {'Year': '2022', 'Team': '두산', 'ERA': '4.93', 'Win': '6', 'Lose': '8'}, {'Year': '2023', 'Team': '두산', 'ERA': '5.49', 'Win': '5', 'Lose': '3'}, {'Year': '2024', 'Team': '두산', 'ERA': '3.99', 'Win': '5', 'Lose': '4'}, {'Year': '2025', 'Team': '두산', 'ERA': '3.48', 'Win': '4', 'Lose': '3'}, {'ERA': '4.70', 'Win': '60', 'Lose': '45'}]"
이우찬,https://6ptotvmi5753.edge.naverncp.com/KBO_IMAGE/person/middle/2025/61145.jpg,LG,21,투수(좌투좌타),185cm/97kg,"[{'Year': '2016', 'Team': 'LG', 'ERA': '-', 'Win': '0', 'Lose': '0'}, {'Year': '2018', 'Team': 'LG', 'ERA': '54.00', 'Win': '0', 'Lose': '0'}, {'Year': '2019', 'Team': 'LG', 'ERA': '4.85', 'Win': '5', 'Lose': '4'}, {'Year': '2020', 'Team': 'LG', 'ERA': '11.57', 'Win': '0', 'Lose': '0'}, {'Year': '2021', 'Team': 'LG', 'ERA': '5.56', 'Win': '0', 'Lose': '1'}, {'Year': '2022', 'Team': 'LG', 'ERA': '1.81', 'Win': '5', 'Lose': '0'}, {'Year': '2023', 'Team': 'LG', 'ERA': '3.52', 'Win': '1', 'Lose': '3'}, {'Year': '2024', 'Team': 'LG', 'ERA': '8.82', 'Win': '3', 'Lose': '2'}, {'Year': '2025', 'Team': 'LG', 'ERA': '1.89', 'Win': '0', 'Lose': '1'}, {'ERA': '4.91', 'Win': '14', 'Lose': '11'}]"
임준형,https://6ptotvmi5753.edge.naverncp.com/KBO_IMAGE/person/middle/2025/69113.jpg,KT,14,투수(좌투좌타),180cm/87kg,"[{'Year': '2021', 'Team': 'LG', 'ERA': '3.13', 'Win': '1', 'Lose': '0'}, {'Year': '2022', 'Team': 'LG', 'ERA': '6.00', 'Win': '1', 'Lose': '3'}, {'Year': '2024', 'Team': 'LG', 'ERA': '6.59', 'Win': '0', 'Lose': '0'}, {'Year': '2025', 'Team': 'KT', 'ERA': '4.70', 'Win': '0', 'Lose': '0'}, {'ERA': '5.09', 'Win': '2', 'Lose': '3'}]"
임찬규,https://6ptotvmi5753.edge.naverncp.com/KBO_IMAGE/person/middle/2025/61101.jpg,LG,1,투수(우투우타),185cm/80kg,"[{'Year': '2011', 'Team': 'LG', 'ERA': '4.46', 'Win': '9', 'Lose': '6'}, {'Year': '2012', 'Team': 'LG', 'ERA': '4.53', 'Win': '1', 'Lose': '5'}, {'Year': '2013', 'Team': 'LG', 'ERA': '4.70', 'Win': '1', 'Lose': '1'}, {'Year': '2016', 'Team': 'LG', 'ERA': '6.51', 'Win': '3', 'Lose': '3'}, {'Year': '2017', 'Team': 'LG', 'ERA': '4.63', 'Win': '6', 'Lose': '10'}, {'Year': '2018', 'Team': 'LG', 'ERA': '5.77', 'Win': '11', 'Lose': '11'}, {'Year': '2019', 'Team': 'LG', 'ERA': '4.97', 'Win': '3', 'Lose': '5'}, {'Year': '2020', 'Team': 'LG', 'ERA': '4.08', 'Win': '10', 'Lose': '9'}, {'Year': '2021', 'Team': 'LG', 'ERA': '3.87', 'Win': '1', 'Lose': '8'}, {'Year': '2022', 'Team': 'LG', 'ERA': '5.04', 'Win': '6', 'Lose': '11'}, {'Year': '2023', 'Team': 'LG', 'ERA': '3.42', 'Win': '14', 'Lose': '3'}, {'Year': '2024', 'Team': 'LG', 'ERA': '3.83', 'Win': '10', 'Lose': '6'}, {'Year': '2025', 'Team': 'LG', 'ERA': '2.88', 'Win': '8', 'Lose': '3'}, {'ERA': '4.41', 'Win': '83', 'Lose': '81'}]"
장현식,https://6ptotvmi5753.edge.naverncp.com/KBO_IMAGE/person/middle/2025/63950.jpg,LG,50,투수(우투우타),181cm/91kg,"[{'Year': '2013', 'Team': 'NC', 'ERA': '13.50', 'Win': '0', 'Lose': '0'}, {'Year': '2015', 'Team': 'NC', 'ERA': '9.00', 'Win': '0', 'Lose': '0'}, {'Year': '2016', 'Team': 'NC', 'ERA': '4.48', 'Win': '1', 'Lose': '3'}, {'Year': '2017', 'Team': 'NC', 'ERA': '5.29', 'Win': '9', 'Lose': '9'}, {'Year': '2018', 'Team': 'NC', 'ERA': '7.43', 'Win': '3', 'Lose': '2'}, {'Year': '2019', 'Team': 'NC', 'ERA': '4.61', 'Win': '5', 'Lose': '4'}, {'Year': '2020', 'Team': 'KIA', 'ERA': '10.76', 'Win': '4', 'Lose': '4'}, {'Year': '2021', 'Team': 'KIA', 'ERA': '3.29', 'Win': '1', 'Lose': '5'}, {'Year': '2022', 'Team': 'KIA', 'ERA': '3.12', 'Win': '2', 'Lose': '3'}, {'Year': '2023', 'Team': 'KIA', 'ERA': '4.06', 'Win': '2', 'Lose': '2'}, {'Year': '2024', 'Team': 'KIA', 'ERA': '3.94', 'Win': '5', 'Lose': '4'}, {'Year': '2025', 'Team': 'LG', 'ERA': '2.92', 'Win': '0', 'Lose': '2'}, {'ERA': '4.83', 'Win': '32', 'Lose': '38'}]"
장현식,https://6ptotvmi5753.edge.naverncp.com/KBO_IMAGE/person/middle/2025/63950.jpg,LG,50,투수(우투우타),181cm/91kg,"[{'Year': '2013', 'Team': 'NC', 'ERA': '13.50', 'Win': '0', 'Lose': '0'}, {'Year': '2015', 'Team': 'NC', 'ERA': '9.00', 'Win': '0', 'Lose': '0'}, {'Year': '2016', 'Team': 'NC', 'ERA': '4.48', 'Win': '1', 'Lose': '3'}, {'Year': '2017', 'Team': 'NC', 'ERA': '5.29', 'Win': '9', 'Lose': '9'}, {'Year': '2018', 'Team': 'NC', 'ERA': '7.43', 'Win': '3', 'Lose': '2'}, {'Year': '2019', 'Team': 'NC', 'ERA': '4.61', 'Win': '5', 'Lose': '4'}, {'Year': '2020', 'Team': 'KIA', 'ERA': '10.76', 'Win': '4', 'Lose': '4'}, {'Year': '2021', 'Team': 'KIA', 'ERA': '3.29', 'Win': '1', 'Lose': '5'}, {'Year': '2022', 'Team': 'KIA', 'ERA': '3.12', 'Win': '2', 'Lose': '3'}, {'Year': '2023', 'Team': 'KIA', 'ERA': '4.06', 'Win': '2', 'Lose': '2'}, {'Year': '2024', 'Team': 'KIA', 'ERA': '3.94', 'Win': '5', 'Lose': '4'}, {'Year': '2025', 'Team': 'LG', 'ERA': '2.92', 'Win': '0', 'Lose': '2'}, {'ERA': '4.83', 'Win': '32', 'Lose': '38'}]"
잭로그,https://6ptotvmi5753.edge.naverncp.com/KBO_IMAGE/person/middle/2025/55239.jpg,두산,39,투수(좌투좌타),183cm/84kg,"[{'Year': '2025', 'Team': '두산', 'ERA': '3.49', 'Win': '4', 'Lose': '7'}, {'ERA': '3.49', 'Win': '4', 'Lose': '7'}]"
전상현,https://6ptotvmi5753.edge.naverncp.com/KBO_IMAGE/person/middle/2025/66609.jpg,KIA,51,투수(우투우타),182cm/88kg,"[{'Year': '2016', 'Team': 'KIA', 'ERA': '8.10', 'Win': '0', 'Lose': '2'}, {'Year': '2018', 'Team': 'KIA', 'ERA': '6.10', 'Win': '0', 'Lose': '0'}, {'Year': '2019', 'Team': 'KIA', 'ERA': '3.12', 'Win': '1', 'Lose': '4'}, {'Year': '2020', 'Team': 'KIA', 'ERA': '2.45', 'Win': '2', 'Lose': '2'}, {'Year': '2021', 'Team': 'KIA', 'ERA': '3.46', 'Win': '1', 'Lose': '0'}, {'Year': '2022', 'Team': 'KIA', 'ERA': '3.30', 'Win': '5', 'Lose': '5'}, {'Year': '2023', 'Team': 'KIA', 'ERA': '2.15', 'Win': '8', 'Lose': '3'}, {'Year': '2024', 'Team': 'KIA', 'ERA': '4.09', 'Win': '10', 'Lose': '5'}, {'Year': '2025', 'Team': 'KIA', 'ERA': '3.86', 'Win': '6', 'Lose': '2'}, {'ERA': '3.45', 'Win': '33', 'Lose': '23'}]"
전영준,https://6ptotvmi5753.edge.naverncp.com/KBO_IMAGE/person/middle/2025/52809.jpg,SSG,65,투수(우투우타),190cm/100kg,"[{'Year': '2022', 'Team': 'SSG', 'ERA': '7.20', 'Win': '0', 'Lose': '0'}, {'Year': '2025', 'Team': 'SSG', 'ERA': '4.26', 'Win': '0', 'Lose': '3'}, {'ERA': '4.75', 'Win': '0', 'Lose': '3'}]"
정철원,https://6ptotvmi5753.edge.naverncp.com/KBO_IMAGE/person/middle/2025/68242.jpg,롯데,65,투수(우투우타),192cm/95kg,"[{'Year': '2022', 'Team': '두산', 'ERA': '3.10', 'Win': '4', 'Lose': '3'}, {'Year': '2023', 'Team': '두산', 'ERA': '3.96', 'Win': '7', 'Lose': '6'}, {'Year': '2024', 'Team': '두산', 'ERA': '6.40', 'Win': '2', 'Lose': '1'}, {'Year': '2025', 'Team': '롯데', 'ERA': '4.95', 'Win': '4', 'Lose': '1'}, {'ERA': '4.22', 'Win': '17', 'Lose': '11'}]"
정해영,https://6ptotvmi5753.edge.naverncp.com/KBO_IMAGE/person/middle/2025/50662.jpg,KIA,62,투수(우투우타),189cm/98kg,"[{'Year': '2020', 'Team': 'KIA', 'ERA': '3.29', 'Win': '5', 'Lose': '4'}, {'Year': '2021', 'Team': 'KIA', 'ERA': '2.20', 'Win': '5', 'Lose': '4'}, {'Year': '2022', 'Team': 'KIA', 'ERA': '3.38', 'Win': '3', 'Lose': '7'}, {'Year': '2023', 'Team': 'KIA', 'ERA': '2.92', 'Win': '3', 'Lose': '4'}, {'Year': '2024', 'Team': 'KIA', 'ERA': '2.49', 'Win': '2', 'Lose': '3'}, {'Year': '2025', 'Team': 'KIA', 'ERA': '2.91', 'Win': '2', 'Lose': '3'}, {'ERA': '2.82', 'Win': '20', 'Lose': '25'}]"
정현우,https://6ptotvmi5753.edge.naverncp.com/KBO_IMAGE/person/middle/2025/55313.jpg,키움,13,투수(좌투좌타),181cm/91kg,"[{'Year': '2025', 'Team': '키움', 'ERA': '3.57', 'Win': '2', 'Lose': '3'}, {'ERA': '3.57', 'Win': '2', 'Lose': '3'}]"
조동욱,https://6ptotvmi5753.edge.naverncp.com/KBO_IMAGE/person/middle/2025/54768.jpg,한화,68,투수(좌투좌타),190cm/82kg,"[{'Year': '2024', 'Team': '한화', 'ERA': '6.37', 'Win': '1', 'Lose': '2'}, {'Year': '2025', 'Team': '한화', 'ERA': '3.38', 'Win': '1', 'Lose': '0'}, {'ERA': '5.00', 'Win': '2', 'Lose': '2'}]"
조병현,https://6ptotvmi5753.edge.naverncp.com/KBO_IMAGE/person/middle/2025/51897.jpg,SSG,19,투수(우투우타),182cm/90kg,"[{'Year': '2021', 'Team': 'SSG', 'ERA': '8.10', 'Win': '0', 'Lose': '0'}, {'Year': '2024', 'Team': 'SSG', 'ERA': '3.58', 'Win': '4', 'Lose': '6'}, {'Year': '2025', 'Team': 'SSG', 'ERA': '1.35', 'Win': '4', 'Lose': '1'}, {'ERA': '3.08', 'Win': '8', 'Lose': '7'}]"
조상우,https://6ptotvmi5753.edge.naverncp.com/KBO_IMAGE/person/middle/2025/63342.jpg,KIA,11,투수(우투우타),186cm/97kg,"[{'Year': '2013', 'Team': '넥센', 'ERA': '4.50', 'Win': '0', 'Lose': '0'}, {'Year': '2014', 'Team': '넥센', 'ERA': '2.47', 'Win': '6', 'Lose': '2'}, {'Year': '2015', 'Team': '넥센', 'ERA': '3.09', 'Win': '8', 'Lose': '5'}, {'Year': '2017', 'Team': '넥센', 'ERA': '4.87', 'Win': '5', 'Lose': '3'}, {'Year': '2018', 'Team': '넥센', 'ERA': '3.79', 'Win': '1', 'Lose': '2'}, {'Year': '2019', 'Team': '키움', 'ERA': '2.66', 'Win': '2', 'Lose': '4'}, {'Year': '2020', 'Team': '키움', 'ERA': '2.15', 'Win': '5', 'Lose': '3'}, {'Year': '2021', 'Team': '키움', 'ERA': '3.48', 'Win': '6', 'Lose': '5'}, {'Year': '2024', 'Team': '키움', 'ERA': '3.18', 'Win': '0', 'Lose': '1'}, {'Year': '2025', 'Team': 'KIA', 'ERA': '3.92', 'Win': '3', 'Lose': '5'}, {'ERA': '3.18', 'Win': '36', 'Lose': '30'}]"
조영건,https://6ptotvmi5753.edge.naverncp.com/KBO_IMAGE/person/middle/2025/69360.jpg,키움,20,투수(우투우타),180cm/85kg,"[{'Year': '2019', 'Team': '키움', 'ERA': '81.00', 'Win': '0', 'Lose': '1'}, {'Year': '2020', 'Team': '키움', 'ERA': '5.28', 'Win': '3', 'Lose': '3'}, {'Year': '2021', 'Team': '키움', 'ERA': '0.00', 'Win': '0', 'Lose': '0'}, {'Year': '2023', 'Team': '키움', 'ERA': '0.00', 'Win': '0', 'Lose': '0'}, {'Year': '2024', 'Team': '키움', 'ERA': '8.01', 'Win': '2', 'Lose': '1'}, {'Year': '2025', 'Team': '키움', 'ERA': '6.53', 'Win': '2', 'Lose': '4'}, {'ERA': '6.33', 'Win': '7', 'Lose': '9'}]"
주현상,https://6ptotvmi5753.edge.naverncp.com/KBO_IMAGE/person/middle/2025/65707.jpg,한화,66,투수(우투우타),177cm/92kg,"[{'Year': '2021', 'Team': '한화', 'ERA': '3.58', 'Win': '2', 'Lose': '2'}, {'Year': '2022', 'Team': '한화', 'ERA': '6.83', 'Win': '0', 'Lose': '1'}, {'Year': '2023', 'Team': '한화', 'ERA': '1.96', 'Win': '2', 'Lose': '2'}, {'Year': '2024', 'Team': '한화', 'ERA': '2.65', 'Win': '8', 'Lose': '4'}, {'Year': '2025', 'Team': '한화', 'ERA': '4.94', 'Win': '1', 'Lose': '1'}, {'ERA': '3.77', 'Win': '13', 'Lose': '10'}]"
최성영,https://6ptotvmi5753.edge.naverncp.com/KBO_IMAGE/person/middle/2025/66920.jpg,NC,26,투수(좌투좌타),180cm/85kg,"[{'Year': '2016', 'Team': 'NC', 'ERA': '1.93', 'Win': '0', 'Lose': '0'}, {'Year': '2017', 'Team': 'NC', 'ERA': '9.53', 'Win': '0', 'Lose': '0'}, {'Year': '2018', 'Team': 'NC', 'ERA': '5.88', 'Win': '2', 'Lose': '2'}, {'Year': '2019', 'Team': 'NC', 'ERA': '3.94', 'Win': '4', 'Lose': '1'}, {'Year': '2020', 'Team': 'NC', 'ERA': '6.08', 'Win': '2', 'Lose': '4'}, {'Year': '2023', 'Team': 'NC', 'ERA': '4.86', 'Win': '5', 'Lose': '4'}, {'Year': '2024', 'Team': 'NC', 'ERA': '5.79', 'Win': '2', 'Lose': '0'}, {'Year': '2025', 'Team': 'NC', 'ERA': '5.55', 'Win': '2', 'Lose': '2'}, {'ERA': '5.32', 'Win': '17', 'Lose': '13'}]"
최승용,https://6ptotvmi5753.edge.naverncp.com/KBO_IMAGE/person/middle/2025/51264.jpg,두산,28,투수(좌투좌타),190cm/87kg,"[{'Year': '2021', 'Team': '두산', 'ERA': '3.93', 'Win': '0', 'Lose': '0'}, {'Year': '2022', 'Team': '두산', 'ERA': '5.30', 'Win': '3', 'Lose': '7'}, {'Year': '2023', 'Team': '두산', 'ERA': '3.97', 'Win': '3', 'Lose': '6'}, {'Year': '2024', 'Team': '두산', 'ERA': '6.00', 'Win': '2', 'Lose': '0'}, {'Year': '2025', 'Team': '두산', 'ERA': '4.73', 'Win': '5', 'Lose': '5'}, {'ERA': '4.70', 'Win': '13', 'Lose': '18'}]"
최원준,https://6ptotvmi5753.edge.naverncp.com/KBO_IMAGE/person/middle/2025/67263.jpg,두산,61,투수(우언우타),182cm/91kg,"[{'Year': '2018', 'Team': '두산', 'ERA': '10.61', 'Win': '0', 'Lose': '0'}, {'Year': '2019', 'Team': '두산', 'ERA': '2.65', 'Win': '1', 'Lose': '2'}, {'Year': '2020', 'Team': '두산', 'ERA': '3.80', 'Win': '10', 'Lose': '2'}, {'Year': '2021', 'Team': '두산', 'ERA': '3.30', 'Win': '12', 'Lose': '4'}, {'Year': '2022', 'Team': '두산', 'ERA': '3.60', 'Win': '8', 'Lose': '13'}, {'Year': '2023', 'Team': '두산', 'ERA': '4.93', 'Win': '3', 'Lose': '10'}, {'Year': '2024', 'Team': '두산', 'ERA': '6.46', 'Win': '6', 'Lose': '7'}, {'Year': '2025', 'Team': '두산', 'ERA': '4.82', 'Win': '0', 'Lose': '6'}, {'ERA': '4.27', 'Win': '40', 'Lose': '44'}]"
최원태,https://6ptotvmi5753.edge.naverncp.com/KBO_IMAGE/person/middle/2025/65320.jpg,삼성,3,투수(우투우타),184cm/104kg,"[{'Year': '2016', 'Team': '넥센', 'ERA': '7.23', 'Win': '2', 'Lose': '3'}, {'Year': '2017', 'Team': '넥센', 'ERA': '4.46', 'Win': '11', 'Lose': '7'}, {'Year': '2018', 'Team': '넥센', 'ERA': '3.95', 'Win': '13', 'Lose': '7'}, {'Year': '2019', 'Team': '키움', 'ERA': '3.38', 'Win': '11', 'Lose': '5'}, {'Year': '2020', 'Team': '키움', 'ERA': '5.07', 'Win': '7', 'Lose': '6'}, {'Year': '2021', 'Team': '키움', 'ERA': '4.58', 'Win': '9', 'Lose': '11'}, {'Year': '2022', 'Team': '키움', 'ERA': '3.75', 'Win': '7', 'Lose': '5'}, {'Year': '2023', 'Team': 'LG', 'ERA': '4.30', 'Win': '9', 'Lose': '7'}, {'Year': '2024', 'Team': 'LG', 'ERA': '4.26', 'Win': '9', 'Lose': '7'}, {'Year': '2025', 'Team': '삼성', 'ERA': '4.91', 'Win': '5', 'Lose': '4'}, {'ERA': '4.40', 'Win': '83', 'Lose': '62'}]"
최준용,https://6ptotvmi5753.edge.naverncp.com/KBO_IMAGE/person/middle/2025/50556.jpg,롯데,56,투수(우투우타),185cm/85kg,"[{'Year': '2020', 'Team': '롯데', 'ERA': '4.85', 'Win': '0', 'Lose': '2'}, {'Year': '2021', 'Team': '롯데', 'ERA': '2.85', 'Win': '4', 'Lose': '2'}, {'Year': '2022', 'Team': '롯데', 'ERA': '4.06', 'Win': '3', 'Lose': '4'}, {'Year': '2023', 'Team': '롯데', 'ERA': '2.45', 'Win': '2', 'Lose': '3'}, {'Year': '2024', 'Team': '롯데', 'ERA': '5.40', 'Win': '1', 'Lose': '2'}, {'Year': '2025', 'Team': '롯데', 'ERA': '5.04', 'Win': '1', 'Lose': '2'}, {'ERA': '3.83', 'Win': '11', 'Lose': '15'}]"
최지민,https://6ptotvmi5753.edge.naverncp.com/KBO_IMAGE/person/middle/2025/52639.jpg,KIA,39,투수(좌투좌타),185cm/100kg,"[{'Year': '2022', 'Team': 'KIA', 'ERA': '13.50', 'Win': '0', 'Lose': '0'}, {'Year': '2023', 'Team': 'KIA', 'ERA': '2.12', 'Win': '6', 'Lose': '3'}, {'Year': '2024', 'Team': 'KIA', 'ERA': '5.09', 'Win': '3', 'Lose': '3'}, {'Year': '2025', 'Team': 'KIA', 'ERA': '5.52', 'Win': '2', 'Lose': '3'}, {'ERA': '4.29', 'Win': '11', 'Lose': '9'}]"
치리노스,https://6ptotvmi5753.edge.naverncp.com/KBO_IMAGE/person/middle/2025/55146.jpg,LG,46,투수(우투우타),188cm/102kg,"[{'Year': '2025', 'Team': 'LG', 'ERA': '3.49', 'Win': '7', 'Lose': '4'}, {'ERA': '3.49', 'Win': '7', 'Lose': '4'}]"
콜어빈,https://6ptotvmi5753.edge.naverncp.com/KBO_IMAGE/person/middle/2025/55257.jpg,두산,57,투수(좌투좌타),193cm/102kg,"[{'Year': '2025', 'Team': '두산', 'ERA': '4.46', 'Win': '6', 'Lose': '7'}, {'ERA': '4.46', 'Win': '6', 'Lose': '7'}]"
쿠에바스,https://6ptotvmi5753.edge.naverncp.com/KBO_IMAGE/person/middle/2025/69032.jpg,KT,32,투수(우투양타),188cm/98kg,"[{'Year': '2019', 'Team': 'KT', 'ERA': '3.62', 'Win': '13', 'Lose': '10'}, {'Year': '2020', 'Team': 'KT', 'ERA': '4.10', 'Win': '10', 'Lose': '8'}, {'Year': '2021', 'Team': 'KT', 'ERA': '4.12', 'Win': '9', 'Lose': '5'}, {'Year': '2022', 'Team': 'KT', 'ERA': '2.45', 'Win': '1', 'Lose': '0'}, {'Year': '2023', 'Team': 'KT', 'ERA': '2.60', 'Win': '12', 'Lose': '0'}, {'Year': '2024', 'Team': 'KT', 'ERA': '4.10', 'Win': '7', 'Lose': '12'}, {'Year': '2025', 'Team': 'KT', 'ERA': '5.23', 'Win': '3', 'Lose': '9'}, {'ERA': '3.90', 'Win': '55', 'Lose': '44'}]"
폰세,https://6ptotvmi5753.edge.naverncp.com/KBO_IMAGE/person/middle/2025/55730.jpg,한화,30,투수(우투우타),198cm/115kg,"[{'Year': '2025', 'Team': '한화', 'ERA': '1.95', 'Win': '11', 'Lose': '0'}, {'ERA': '1.95', 'Win': '11', 'Lose': '0'}]"
하영민,https://6ptotvmi5753.edge.naverncp.com/KBO_IMAGE/person/middle/2025/64350.jpg,키움,50,투수(우투우타),183cm/74kg,"[{'Year': '2014', 'Team': '넥센', 'ERA': '7.22', 'Win': '3', 'Lose': '5'}, {'Year': '2015', 'Team': '넥센', 'ERA': '7.53', 'Win': '2', 'Lose': '0'}, {'Year': '2016', 'Team': '넥센', 'ERA': '3.14', 'Win': '1', 'Lose': '1'}, {'Year': '2017', 'Team': '넥센', 'ERA': '4.76', 'Win': '1', 'Lose': '1'}, {'Year': '2018', 'Team': '넥센', 'ERA': '7.71', 'Win': '0', 'Lose': '2'}, {'Year': '2022', 'Team': '키움', 'ERA': '3.43', 'Win': '5', 'Lose': '3'}, {'Year': '2023', 'Team': '키움', 'ERA': '4.64', 'Win': '3', 'Lose': '1'}, {'Year': '2024', 'Team': '키움', 'ERA': '4.37', 'Win': '9', 'Lose': '8'}, {'Year': '2025', 'Team': '키움', 'ERA': '4.93', 'Win': '6', 'Lose': '8'}, {'ERA': '5.05', 'Win': '30', 'Lose': '29'}]"
헤이수스,https://6ptotvmi5753.edge.naverncp.com/KBO_IMAGE/person/middle/2025/54354.jpg,KT,65,투수(좌투좌타),192cm/104kg,"[{'Year': '2024', 'Team': '키움', 'ERA': '3.68', 'Win': '13', 'Lose': '11'}, {'Year': '2025', 'Team': 'KT', 'ERA': '3.30', 'Win': '6', 'Lose': '6'}, {'ERA': '3.55', 'Win': '19', 'Lose': '17'}]"
홍건희,https://6ptotvmi5753.edge.naverncp.com/KBO_IMAGE/person/middle/2025/61643.jpg,두산,17,투수(우투우타),187cm/97kg,"[{'Year': '2011', 'Team': 'KIA', 'ERA': '6.75', 'Win': '0', 'Lose': '0'}, {'Year': '2015', 'Team': 'KIA', 'ERA': '6.04', 'Win': '2', 'Lose': '5'}, {'Year': '2016', 'Team': 'KIA', 'ERA': '4.98', 'Win': '4', 'Lose': '4'}, {'Year': '2017', 'Team': 'KIA', 'ERA': '6.41', 'Win': '1', 'Lose': '1'}, {'Year': '2018', 'Team': 'KIA', 'ERA': '10.26', 'Win': '0', 'Lose': '1'}, {'Year': '2019', 'Team': 'KIA', 'ERA': '7.16', 'Win': '2', 'Lose': '9'}, {'Year': '2020', 'Team': '두산', 'ERA': '4.98', 'Win': '3', 'Lose': '4'}, {'Year': '2021', 'Team': '두산', 'ERA': '2.78', 'Win': '6', 'Lose': '6'}, {'Year': '2022', 'Team': '두산', 'ERA': '3.48', 'Win': '2', 'Lose': '9'}, {'Year': '2023', 'Team': '두산', 'ERA': '3.06', 'Win': '1', 'Lose': '5'}, {'Year': '2024', 'Team': '두산', 'ERA': '2.73', 'Win': '4', 'Lose': '3'}, {'Year': '2025', 'Team': '두산', 'ERA': '8.44', 'Win': '0', 'Lose': '0'}, {'ERA': '4.92', 'Win': '25', 'Lose': '47'}]"
홍민기,https://6ptotvmi5753.edge.naverncp.com/KBO_IMAGE/person/middle/2025/50596.jpg,롯데,38,투수(좌투좌타),185cm/85kg,"[{'Year': '2021', 'Team': '롯데', 'ERA': '27.00', 'Win': '0', 'Lose': '0'}, {'Year': '2024', 'Team': '롯데', 'ERA': '12.27', 'Win': '0', 'Lose': '0'}, {'Year': '2025', 'Team': '롯데', 'ERA': '1.26', 'Win': '0', 'Lose': '0'}, {'ERA': '3.93', 'Win': '0', 'Lose': '0'}]"
화이트,https://6ptotvmi5753.edge.naverncp.com/KBO_IMAGE/person/middle/2025/55855.jpg,SSG,55,투수(우투우타),190cm/95kg,"[{'Year': '2025', 'Team': 'SSG', 'ERA': '2.65', 'Win': '6', 'Lose': '3'}, {'ERA': '2.65', 'Win': '6', 'Lose': '3'}]"
황준서,https://6ptotvmi5753.edge.naverncp.com/KBO_IMAGE/person/middle/2025/54729.jpg,한화,29,투수(좌투좌타),185cm/78kg,"[{'Year': '2024', 'Team': '한화', 'ERA': '5.38', 'Win': '2', 'Lose': '8'}, {'Year': '2025', 'Team': '한화', 'ERA': '3.71', 'Win': '1', 'Lose': '3'}, {'ERA': '4.93', 'Win': '3', 'Lose': '11'}]"
후라도,https://6ptotvmi5753.edge.naverncp.com/KBO_IMAGE/person/middle/2025/53375.jpg,삼성,75,투수(우투우타),188cm/109kg,"[{'Year': '2023', 'Team': '키움', 'ERA': '2.65', 'Win': '11', 'Lose': '8'}, {'Year': '2024', 'Team': '키움', 'ERA': '3.36', 'Win': '10', 'Lose': '8'}, {'Year': '2025', 'Team': '삼성', 'ERA': '2.69', 'Win': '8', 'Lose': '6'}, {'ERA': '2.94', 'Win': '29', 'Lose': '22'}]"